{
  "hud-overlay": {
    "default-html": "<span>Web X-Ray Goggles activated! Press ESC to deactivate.</span>",
    "element": "element",
    "with": "with",
    "id": "id",
    "and": "and",
    "class": "class",
    "pointing-at": "pointing at",
    "focused-intro": "You are on a",
    "ancestor-intro": "It is inside a"
  },
  "input": {
    "unload-blocked": "You have made unsaved changes to this page."
  },
  "command-manager": {
    "executed": "Executed",
    "undid": "Undid",
    "redid": "Redid",
    "cannot-undo-html": "<span>Nothing left to undo!</span>",
    "cannot-redo-html": "<span>Nothing left to redo!</span>"
  },
  "mix-master": {
    "too-big-to-change": "That element is too big to remix. Try selecting a smaller one!",
    "too-big-to-remix-html": "<div>That <code>&lt;${tagName}&gt;</code> element is too big to remix. Try selecting a smaller one!</div>",
    "deletion": "deletion",
    "replacement": "replacement"
  },
  "dialog-common": {
    "ok": "Commit changes",
    "nevermind": "Nevermind",
    "close": "Close",
    "product-name": "X-Ray Goggles"
  },
  "mix-master-dialog": {
    "html-header": "HTML Source Code",
    "skeleton-header": "What Your Browser Sees",
    "rendering-header": "What You See",
    "basic-source-tab": "Basic",
    "advanced-source-tab": "Advanced",
    "title": "Remixer"
  },
  "uproot-dialog": {
    "header": "Publish Your Remix",
    "intro": "There are two ways you can publish your remix and share it with others.",
    "to-internet": "Publish To Internet",
    "to-internet-desc": "Instantly publish your remix to a URL that anyone can view.",
    "view-html": "View HTML Source",
    "view-html-desc": "Grab the HTML source of your remix and publish it yourself.",
    "publishing": "Publishing...",
    "error": "Sorry, an error occurred. Please try again later.",
    "success": "Here is the URL for your remix that anyone can view.",
    "html-source": "Here's the HTML source code of your remix."
  },
  "bug-report-dialog": {
    "header": "Report A Bug",
    "intro": "Enter a description for the bug you're experiencing below. Note that your description, as well as the current page you're using the goggles on, will be made public, as Hackasaurus is an open-source project.",
    "to-internet": "Publish To Internet",
    "to-internet-desc": "Instantly publish your bug to a URL that anyone can view.",
    "publishing": "Publishing...",
    "error": "Sorry, an error occurred. Please try again later.",
    "success": "Here is the URL for your bug that anyone can view."
  },
  "style-info": {
    "tap-space-html": "Tap <div class=\"webxray-kbd\">space bar</div> to edit this style.",
    "style-change": "style change",
    "more-info": "Shift-click for more information."
  },
  "key-names": {
    "LEFT": "←",
    "RIGHT": "→",
    "UP": "↑",
    "DOWN": "↓",
    "ESC": "esc",
    "DELETE": "backspace",
    "DELETE-MacIntel": "delete"
  },
  "command-descriptions": {
    "help": "This help reference",
    "quit": "Deactivate goggles",
    "remix": "Replace/remix selected element",
    "css-quasimode": "View/edit computed style of selected element",
    "remove": "Remove selected element",
    "undo": "Undo",
    "redo": "Redo",
    "dom-ascend": "Ascend to parent element",
    "dom-descend": "Descend to child element",
    "uproot": "Publish your remix",
    "bug-report": "Report a bug"
  },
  "short-command-descriptions": {
    "help": "help",
    "quit": "quit",
    "remix": "remix",
    "css-quasimode": "css",
    "remove": "remove",
    "undo": "undo",
    "redo": "redo",
    "dom-ascend": "ascend",
    "dom-descend": "descend",
    "uproot": "publish",
    "bug-report": "report bug"
  },
  "short-element-descriptions": {
    "a": "anchor or hyperlink",
    "abbr": "abbreviation",
    "area": "image-map hyperlink",
    "article": "independent article",
    "aside": "tangential content",
    "audio": "embedded audio stream",
    "b": "bold",
    "base": "base URL",
    "bdi": "bi-directional text formatting",
    "bdo": "bi-directional override",
    "bgsound": "background sound",
    "blockquote": "block quotation",
    "body": "document body",
    "br": "line break",
    "button": "interactive button",
    "canvas": "dynamic graphics drawing area",
    "caption": "table caption",
    "cite": "work title",
    "code": "code fragment",
    "col": "table column",
    "colgroup": "table column group",
    "command": "user action control",
    "datalist": "list of predefined options",
    "dd": "definition description",
    "del": "deleted text",
    "details": "on-demand control",
    "dfn": "definition",
    "div": "document division",
    "dl": "definition list",
    "dt": "definition term",
    "em": "emphasis",
    "fieldset": "set of form controls",
    "figcaption": "figure caption",
    "form": "user-submittable form",
    "h1": "heading",
    "h2": "heading",
    "h3": "heading",
    "h4": "heading",
    "h5": "heading",
    "h6": "heading",
    "head": "document metadata container",
    "hgroup": "heading group",
    "hr": "horizontal rule",
    "html": "document root",
    "i": "italics",
    "iframe": "inline frame",
    "img": "image",
    "input": "input form control",
    "ins": "inserted text",
    "kbd": "keyboard input",
    "keygen": "key-pair generator",
    "label": "form control label",
    "legend": "field set legend",
    "li": "list item",
    "link": "metadata for inter-document relationships",
    "map": "image map",
    "mark": "marked text",
    "menu": "list of commands",
    "meta": "metadata",
    "meter": "scalar gauge",
    "nav": "navigation",
    "nobr": "no breaks",
    "noscript": "script fallback content",
    "object": "embedded object",
    "ol": "ordered list",
    "optgroup": "option grouping",
    "option": "option item",
    "output": "calculated result",
    "p": "paragraph",
    "param": "object parameter",
    "pre": "preformatted text",
    "progress": "progress indicator",
    "q": "quotation",
    "samp": "sample text",
    "script": "embedded script",
    "section": "document outline section",
    "select": "selection list",
    "small": "small text",
    "source": "embedded media source",
    "spacer": "layout space",
    "span": "text span",
    "strong": "strong emphasis",
    "style": "CSS style sheet",
    "sub": "subscript",
    "summary": "summary of details",
    "sup": "superscript",
    "table": "tabular data",
    "tbody": "table body",
    "td": "table data cell",
    "textarea": "multi-line text input",
    "tfoot": "table footer",
    "th": "table header cell",
    "thead": "table header",
    "time": "date or time",
    "title": "document title",
    "tr": "table row",
    "tt": "teletype text",
    "u": "underline",
    "ul": "unordered list",
    "var": "variable",
    "video": "embedded video stream",
    "wbr": "word break opportunity"
  },
  "css-property-docs": {
    "z-index": "The<code> z-index </code>CSS property specifies the z-order of an element and its descendants. When elements overlap, z-order determines which one covers the other. An element with a larger z-index generally covers an element with a lower one.",
    "word-wrap": "The <code>word-wrap</code> <a title=\"CSS\" rel=\"internal\" href=\"https://developer.mozilla.org/en/CSS\">CSS</a> property is used to to specify whether or not the browser is allowed to break lines within words in order to prevent overflow when an otherwise unbreakable string is too long to fit.",
    "word-spacing": "The<code> word-spacing </code>CSS property specifies spacing behavior between tags and words.",
    "width": "The<code> width </code>CSS property specifies the width of the content area of an element. The <a title=\"en/CSS/box_model#content\" rel=\"internal\" href=\"https://developer.mozilla.org/en/CSS/box_model#content\">content area</a> is <em>inside</em> the padding, border, and margin of the element.",
    "white-space": "The<code> white-space </code>CSS property is used to to describe how whitespace inside the element is handled.",
    "visibility": "The<code> visibility </code>CSS property is used for two things:",
    "vertical-align": "The <code>vertical-align</code> <a title=\"CSS\" rel=\"internal\" href=\"https://developer.mozilla.org/en/CSS\">CSS</a> property specifies the vertical alignment of an inline or table-cell element.",
    "top": "The <code>top</code> CSS property specifies part of the position of positioned elements. It has no effect on non-positioned elements.",
    "text-transform": "The <code>text-transform</code> CSS property specifies how to capitalize an element's text. It can be used to make text appear in all-uppercase or all-lowercase, or with each word capitalized.",
    "text-shadow": "The<code> text-shadow </code>CSS property adds shadows to text. It accepts a comma-separated list of shadows to be applied to the text and <code><a rel=\"custom\" href=\"https://developer.mozilla.org/en/CSS/text-decoration\">text-decorations</a></code>\n of the element.",
    "text-rendering": "The <code>text-rendering</code> CSS property provides information to the rendering engine about what to optimize for when rendering text. The browser makes trade-offs among speed, legibility, and geometric precision. The text-rendering property is an SVG property that is not defined in any CSS standard. However, Gecko and WebKit browsers let you apply this property to HTML and XML content on Windows, Mac OS X and Linux.&nbsp;",
    "text-overflow": "The <code>text-overflow</code> <a title=\"CSS\" rel=\"internal\" href=\"https://developer.mozilla.org/en/CSS\">CSS</a> property determines how overflowed content that is not displayed is signaled to the users. It can be clipped, display an ellipsis ('<code>…</code>', <code style=\"text-transform: uppercase;\">U+2026 Horizontal Ellipsis</code>) or a Web author-defined string.",
    "text-indent": "The<code> text-indent </code>CSS property specifies how much horizontal space should be left before beginning of the first line of the text content of an element. Horizontal spacing is with respect to the left (or right, for right-to-left layout) edge of the containing block element's box.",
    "text-decoration": "The<code> text-decoration </code>CSS property is used to set the text formattings <code>underline, overline, line-through</code> and <code>blink</code>.",
    "text-align": "The<code> text-align </code>CSS property describes how inline content like text is aligned in its parent block element.<code> text-align </code>does not control the alignment of block elements itself, only their inline content.",
    "right": "The <code>right</code> <a title=\"CSS\" rel=\"internal\" href=\"https://developer.mozilla.org/en/CSS\">CSS</a> property specifies part of the position of positioned elements.",
    "position": "The<code> position </code>CSS property chooses alternative rules for positioning elements, designed to be useful for scripted animation effects.",
    "opacity": "The <code>opacity</code> CSS property specifies the transparency of an element, that is, the degree to which the background behind the element is overlaid.",
    "min-width": "The<code> min-width </code>CSS property is used to set the minimum width of a given element. It prevents the used value of the <code><a rel=\"custom\" href=\"https://developer.mozilla.org/en/CSS/width\">width</a></code>\n property from becoming smaller than the value specified for<code> min-width</code>.",
    "min-height": "The<code> min-height </code>CSS property is used to set the minimum height of a given element. It prevents the used value of the <code><a rel=\"custom\" href=\"https://developer.mozilla.org/en/CSS/height\">height</a></code>\n property from becoming smaller than the value specified for<code> min-height</code>.",
    "list-style-type": "The<code> list-style-type </code>CSS property specifies appearance of a list item element. As it is the only one who defaults to <code>display:list-item</code>, this is usually a <code><a rel=\"custom\" href=\"https://developer.mozilla.org/en/HTML/Element/li\">&lt;li&gt;</a></code>\n element, but can be any element with this <code><a rel=\"custom\" href=\"https://developer.mozilla.org/en/CSS/display\">display</a></code>\n value.",
    "list-style-position": "The<code> list-style-position </code>CSS property specifies the position of the marker box in the principal block box. It is often more convenient to use the shortcut <span class=\"lang lang-en\"><code><a rel=\"custom\" href=\"https://developer.mozilla.org/en/CSS/list-style\">list-style</a></code>\n</span>.",
    "list-style-image": "The<code> list-style-image </code>CSS property sets the image that will be used as the list item marker. It is often more convenient to use the shortcut <code><a rel=\"custom\" href=\"https://developer.mozilla.org/en/CSS/list-style\">list-style</a></code>\n.",
    "line-height": "On inline elements, the<code> line-height </code>CSS property specifies the height that is used in the calculation of the line box height.<br>\nOn block level elements,<code> line-height </code>specifies the minimal height of line boxes within the element.",
    "letter-spacing": "The<code> letter-spacing </code>CSS property specifies spacing behavior between text characters.",
    "left": "The <code>left</code> CSS property specifies part of the position of positioned elements.",
    "height": "The<code> height </code>CSS property specifies the height of the content area of an element. The <a title=\"en/CSS/Box_model#content\" rel=\"internal\" href=\"https://developer.mozilla.org/en/CSS/box_model#content\">content area</a> is <em>inside</em> the padding, border, and margin of the element.",
    "font-weight": "The <code><a rel=\"custom\" href=\"https://developer.mozilla.org/en/CSS/font-weight\">font-weight</a></code>\n <a title=\"CSS\" rel=\"internal\" href=\"https://developer.mozilla.org/en/CSS\">CSS</a> property specifies the weight or boldness of the font. However, some fonts are not available in all weights; some are available only on <code>normal</code> and <code>bold</code>.",
    "font-variant": "The<code> font-variant </code>CSS property selects a<code> normal</code>, or<code> small-caps </code>face from a font family. Setting<code> font-variant </code>is also possible by using the <code><a rel=\"custom\" href=\"https://developer.mozilla.org/en/CSS/font\">font</a></code>\n shorthand.",
    "font-style": "The<code> font-style </code>CSS property allows<code> italic </code>or<code> oblique </code>faces to be selected within a <code><a rel=\"custom\" href=\"https://developer.mozilla.org/en/CSS/font-family\">font-family</a></code>\n.<br> ",
    "font-size": "The <code>font-size</code> <a title=\"CSS\" rel=\"internal\" href=\"https://developer.mozilla.org/en/CSS\">CSS</a> property specifies the size of the font. The font size may, in turn, change the size of other items, since it is used to compute the value of <code>em</code> and <code>ex</code> length units.",
    "font-family": "The<code> font-family </code>CSS property allows for a prioritized list of font family names and/or generic family names to be specified for the selected element. Unlike most other CSS properties, values are separated by a comma to indicate that they are alternatives. The browser will select the first font on the list that is installed on the computer, or that can be downloaded using the information provided by a <code><a rel=\"custom\" href=\"https://developer.mozilla.org/en/CSS/@font-face\">@font-face</a></code>\n at-rule.",
    "float": "The <code>float</code> CSS property specifies that an element should be taken from the normal flow and placed along the left or right side of its container, where text and inline elements will wrap around it.",
    "display": "The <code>display</code> CSS property specifies the type of rendering box used for an element. In HTML, default <code>display</code> property values are taken from behaviors described in the HTML specifications or from the browser/user default stylesheet. The default value in XML is <code>inline</code>.",
    "direction": "The <code>direction</code> CSS property should be set to match the direction of the text: <code>rtl</code> for Hebrew or Arabic text and <code>ltr</code> for other scripts. This should normally be done as part of the document (e.g., using the <code>dir</code> attribute in HTML) rather than through direct use of CSS.",
    "cursor": "The<code> cursor </code>CSS property specifies the mouse cursor displayed when the mouse pointer is over an element.",
    "color": "The <code>color</code> CSS property sets the foreground color of an element's text content",
    "clear": "The <code>clear</code> <a title=\"CSS\" rel=\"internal\" href=\"https://developer.mozilla.org/en/CSS\">CSS</a> property specifies whether an element can be next to <a title=\"en/CSS/float\" rel=\"internal\" href=\"https://developer.mozilla.org/en/CSS/float\">floating</a> elements that precede it or must be moved down (cleared) below them.",
    "bottom": "The <code>bottom</code> <a title=\"CSS\" rel=\"internal\" href=\"https://developer.mozilla.org/en/CSS\">CSS</a> property participates in specifying the position of <em>positioned elements</em>.",
    "background-size": "The<code> background-size </code>CSS property specifies the size of the background images.",
    "background-repeat": "The <code>background-repeat</code> <a title=\"CSS\" rel=\"internal\" href=\"https://developer.mozilla.org/en/CSS\">CSS</a> property defines how background images are repeated. A background image can be repeated along the horizontal axis, the vertical axis, both, or not repeated at all. When the repetition of the image tiles doesn't let them exactly cover the background, the way adjustments are done can be controlled by the author: by default, the last image is clipped, but the different tiles can instead be re-sized, or space can be inserted between the tiles.",
    "background-position": "The<code> background-position </code>CSS property sets the initial position, relative to the background position layer defined by <code><a rel=\"custom\" href=\"https://developer.mozilla.org/en/CSS/background-origin\">background-origin</a></code>\n for each defined background image.",
    "background-origin": "The<code> background-origin </code>CSS property determines the background positioning area, that is the position of the origin of an image specified using the <code><a rel=\"custom\" href=\"https://developer.mozilla.org/en/CSS/background-image\">background-image</a></code>\n CSS property.",
    "background-image": "The<code> background-image </code>CSS property sets the background images for an element. The images are drawn on successive stacking context layers, with the first specified being drawn as if it is the closest to the user. The <a title=\"border\" rel=\"internal\" href=\"https://developer.mozilla.org/cn/CSS/border\">borders</a> of the element are then drawn on top of them, and the <code><a rel=\"custom\" href=\"https://developer.mozilla.org/en/CSS/background-color\">background-color</a></code>\n is drawn beneath them.",
    "background-color": "The <code>background-color</code> <a title=\"CSS\" rel=\"internal\" href=\"https://developer.mozilla.org/en/CSS\">CSS</a> property sets the background color of an element, either through a color value or the keyword <code>transparent</code>.",
    "background-clip": "The<code> background-clip </code>CSS property specifies whether an element's background, either the color or image, extends underneath its border.",
    "background-attachment": "If a <code><a rel=\"custom\" href=\"https://developer.mozilla.org/en/CSS/background-image\">background-image</a></code>\n is specified, the <code>background-attachment</code> <a title=\"CSS\" rel=\"internal\" href=\"https://developer.mozilla.org/en/CSS\">CSS</a> property determines whether that image's position is fixed within the viewport, or scrolls along with its containing block."
  }
}
